,Date,HomeTeam,AwayTeam,FTHG,FTAG,FTR,MW,HTGS,ATGS,HTGC,ATGC,HTP,ATP,HTHWPCT,ATAWPCT,HTF3,ATF3,HTF5,ATF5,HomeTeamLP,AwayTeamLP,HTF3Pts,ATF3Pts,HTF5Pts,ATF5Pts,HTGD,ATGD,DiffPoints,DiffFormPts3,DiffFormPts5,DiffLP,HomeAdv
0,16/08/2019,Bayern Munich,Hertha,2.0,2.0,D,1.0,0.0,0.0,0.0,0.0,0.0,0.0,0.0,0.0,M,M,M,M,1.0,11.0,0,0,0,0,0.0,0.0,0.0,0,0,-10.0,0.0
1,17/08/2019,Dortmund,Augsburg,5.0,1.0,H,1.0,0.0,0.0,0.0,0.0,0.0,0.0,0.0,0.0,M,M,M,M,2.0,15.0,0,0,0,0,0.0,0.0,0.0,0,0,-13.0,0.0
2,17/08/2019,Freiburg,Mainz,3.0,0.0,H,1.0,0.0,0.0,0.0,0.0,0.0,0.0,0.0,0.0,M,M,M,M,13.0,12.0,0,0,0,0,0.0,0.0,0.0,0,0,1.0,0.0
3,17/08/2019,Leverkusen,Paderborn,3.0,2.0,H,1.0,0.0,0.0,0.0,0.0,0.0,0.0,0.0,0.0,M,M,M,M,4.0,18.0,0,0,0,0,0.0,0.0,0.0,0,0,-14.0,0.0
4,17/08/2019,Werder Bremen,Fortuna Dusseldorf,1.0,3.0,A,1.0,0.0,0.0,0.0,0.0,0.0,0.0,0.0,0.0,M,M,M,M,8.0,10.0,0,0,0,0,0.0,0.0,0.0,0,0,-2.0,0.0
5,17/08/2019,Wolfsburg,FC Koln,2.0,1.0,H,1.0,0.0,0.0,0.0,0.0,0.0,0.0,0.0,0.0,M,M,M,M,6.0,18.0,0,0,0,0,0.0,0.0,0.0,0,0,-12.0,0.0
6,17/08/2019,M'gladbach,Schalke 04,0.0,0.0,D,1.0,0.0,0.0,0.0,0.0,0.0,0.0,0.0,0.0,M,M,M,M,5.0,14.0,0,0,0,0,0.0,0.0,0.0,0,0,-9.0,0.0
7,18/08/2019,Ein Frankfurt,Hoffenheim,1.0,0.0,H,1.0,0.0,0.0,0.0,0.0,0.0,0.0,0.0,0.0,M,M,M,M,7.0,9.0,0,0,0,0,0.0,0.0,0.0,0,0,-2.0,0.0
8,18/08/2019,Union Berlin,RB Leipzig,0.0,4.0,A,1.0,0.0,0.0,0.0,0.0,0.0,0.0,0.0,0.0,M,M,M,M,18.0,3.0,0,0,0,0,0.0,0.0,0.0,0,0,15.0,0.0
9,23/08/2019,FC Koln,Dortmund,1.0,3.0,A,2.0,0.5,2.5,1.0,0.5,0.0,1.5,0.0,0.0,L,W,L,W,18.0,2.0,0,3,0,3,-0.5,2.0,-1.5,-3,-3,16.0,0.0
10,24/08/2019,Augsburg,Union Berlin,1.0,1.0,D,2.0,0.5,0.0,2.5,2.0,0.0,0.0,0.0,0.0,L,L,L,L,15.0,18.0,0,0,0,0,-2.0,-2.0,0.0,0,0,-3.0,0.0
11,24/08/2019,Fortuna Dusseldorf,Leverkusen,1.0,3.0,A,2.0,1.5,1.5,0.5,1.0,1.5,1.5,0.0,0.0,W,W,W,W,10.0,4.0,3,3,3,3,1.0,0.5,0.0,0,0,6.0,0.0
12,24/08/2019,Hoffenheim,Werder Bremen,3.0,2.0,H,2.0,0.0,0.5,0.5,1.5,0.0,0.0,0.0,0.0,L,L,L,L,9.0,8.0,0,0,0,0,-0.5,-1.0,0.0,0,0,1.0,0.0
13,24/08/2019,Mainz,M'gladbach,1.0,3.0,A,2.0,0.0,0.0,1.5,0.0,0.0,0.5,0.0,0.0,L,D,L,D,12.0,5.0,0,1,0,1,-1.5,0.0,-0.5,-1,-1,7.0,0.0
14,24/08/2019,Paderborn,Freiburg,1.0,3.0,A,2.0,1.0,1.5,1.5,0.0,0.0,1.5,0.0,0.0,L,W,L,W,18.0,13.0,0,3,0,3,-0.5,1.5,-1.5,-3,-3,5.0,0.0
15,24/08/2019,Schalke 04,Bayern Munich,0.0,3.0,A,2.0,0.0,1.0,0.0,1.0,0.5,0.5,0.0,0.0,D,D,D,D,14.0,1.0,1,1,1,1,0.0,0.0,0.0,0,0,13.0,0.0
16,25/08/2019,RB Leipzig,Ein Frankfurt,2.0,1.0,H,2.0,2.0,0.5,0.0,0.0,1.5,1.5,0.0,0.0,W,W,W,W,3.0,7.0,3,3,3,3,2.0,0.5,0.0,0,0,-4.0,0.0
17,25/08/2019,Hertha,Wolfsburg,0.0,3.0,A,2.0,1.0,1.0,1.0,0.5,0.5,1.5,0.0,0.0,D,W,D,W,11.0,6.0,1,3,1,3,0.0,0.5,-1.0,-2,-2,5.0,0.0
18,30/08/2019,M'gladbach,RB Leipzig,1.0,3.0,A,3.0,1.0,2.0,0.3333333333333333,0.3333333333333333,1.3333333333333333,2.0,0.0,1.0,DW,WW,DW,WW,5.0,3.0,4,6,4,6,0.6666666666666666,1.6666666666666667,-0.6666666666666666,-2,-2,2.0,-1.0
19,31/08/2019,Bayern Munich,Mainz,6.0,1.0,H,3.0,1.6666666666666667,0.3333333333333333,0.6666666666666666,2.0,1.3333333333333333,0.0,0.0,0.0,DW,LL,DW,LL,1.0,12.0,4,0,4,0,1.0,-1.6666666666666667,1.3333333333333333,4,4,-11.0,0.0
20,31/08/2019,Freiburg,FC Koln,1.0,2.0,A,3.0,2.0,0.6666666666666666,0.3333333333333333,1.6666666666666667,2.0,0.0,1.0,0.0,WW,LL,WW,LL,13.0,18.0,6,0,6,0,1.6666666666666667,-1.0,2.0,6,6,-5.0,1.0
21,31/08/2019,Leverkusen,Hoffenheim,0.0,0.0,D,3.0,2.0,1.0,1.0,1.0,2.0,1.0,1.0,0.0,WW,LW,WW,LW,4.0,9.0,6,3,6,3,1.0,0.0,1.0,3,3,-5.0,1.0
22,31/08/2019,Schalke 04,Hertha,3.0,0.0,H,3.0,0.0,0.6666666666666666,1.0,1.6666666666666667,0.3333333333333333,0.3333333333333333,0.0,0.0,DL,DL,DL,DL,14.0,11.0,1,1,1,1,-1.0,-1.0,0.0,0,0,3.0,0.0
23,31/08/2019,Wolfsburg,Paderborn,1.0,1.0,D,3.0,1.6666666666666667,1.0,0.3333333333333333,2.0,2.0,0.0,1.0,0.0,WW,LL,WW,LL,6.0,18.0,6,0,6,0,1.3333333333333333,-1.0,2.0,6,6,-12.0,1.0
24,31/08/2019,Union Berlin,Dortmund,3.0,1.0,H,3.0,0.3333333333333333,2.6666666666666665,1.6666666666666667,0.6666666666666666,0.3333333333333333,2.0,0.0,1.0,LD,WW,LD,WW,18.0,2.0,1,6,1,6,-1.3333333333333333,2.0,-1.6666666666666667,-5,-5,16.0,-1.0
25,01/09/2019,Werder Bremen,Augsburg,3.0,2.0,H,3.0,1.0,0.6666666666666666,2.0,2.0,0.0,0.3333333333333333,0.0,0.0,LL,LD,LL,LD,8.0,15.0,0,1,0,1,-1.0,-1.3333333333333333,-0.3333333333333333,-1,-1,-7.0,0.0
26,01/09/2019,Ein Frankfurt,Fortuna Dusseldorf,2.0,1.0,H,3.0,0.6666666666666666,1.3333333333333333,0.6666666666666666,1.3333333333333333,1.0,1.0,1.0,1.0,WL,WL,WL,WL,7.0,10.0,3,3,3,3,0.0,0.0,0.0,0,0,-3.0,0.0
27,13/09/2019,Fortuna Dusseldorf,Wolfsburg,1.0,1.0,D,4.0,1.25,1.5,1.5,0.5,0.75,1.75,0.0,1.0,WLL,WWD,WLL,WWD,10.0,6.0,3,7,3,7,-0.25,1.0,-1.0,-4,-4,4.0,-1.0
28,14/09/2019,Augsburg,Ein Frankfurt,2.0,1.0,H,4.0,1.0,1.0,2.25,0.75,0.25,1.5,0.0,0.0,LDL,WLW,LDL,WLW,15.0,7.0,1,6,1,6,-1.25,0.25,-1.25,-5,-5,8.0,0.0
29,14/09/2019,Dortmund,Leverkusen,4.0,0.0,H,4.0,2.25,1.5,1.25,0.75,1.5,1.75,1.0,1.0,WWL,WWD,WWL,WWD,2.0,4.0,6,7,6,7,1.0,0.75,-0.25,-1,-1,-2.0,0.0
30,14/09/2019,FC Koln,M'gladbach,0.0,1.0,A,4.0,1.0,1.0,1.5,1.0,0.75,1.0,0.0,1.0,LLW,DWL,LLW,DWL,18.0,5.0,3,4,3,4,-0.5,0.0,-0.25,-1,-1,13.0,-1.0
31,14/09/2019,Mainz,Hertha,2.0,1.0,H,4.0,0.5,0.5,3.0,2.0,0.0,0.25,0.0,0.0,LLL,DLL,LLL,DLL,12.0,11.0,0,1,0,1,-2.5,-1.5,-0.25,-1,-1,1.0,0.0
32,14/09/2019,Union Berlin,Werder Bremen,1.0,2.0,A,4.0,1.0,1.5,1.5,2.0,1.0,0.75,0.0,0.0,LDW,LLW,LDW,LLW,18.0,8.0,4,3,4,3,-0.5,-0.5,0.25,1,1,10.0,0.0
33,14/09/2019,RB Leipzig,Bayern Munich,1.0,1.0,D,4.0,2.25,2.75,0.5,0.75,2.25,1.75,1.0,1.0,WWW,DWW,WWW,DWW,3.0,1.0,9,7,9,7,1.75,2.0,0.5,2,2,2.0,0.0
34,15/09/2019,Hoffenheim,Freiburg,0.0,3.0,A,4.0,0.75,1.75,0.75,0.75,1.0,1.5,1.0,1.0,LWD,WWL,LWD,WWL,9.0,13.0,4,6,4,6,0.0,1.0,-0.5,-2,-2,-4.0,0.0
35,15/09/2019,Paderborn,Schalke 04,1.0,5.0,A,4.0,1.0,0.75,1.75,0.75,0.25,1.0,0.0,0.0,LLD,DLW,LLD,DLW,18.0,14.0,1,4,1,4,-0.75,0.0,-0.75,-3,-3,4.0,0.0
36,20/09/2019,Schalke 04,Mainz,2.0,1.0,H,5.0,1.6,0.8,0.8,2.6,1.4,0.6,0.5,0.0,LWW,LLW,DLWW,LLLW,14.0,12.0,6,3,7,3,0.8,-1.8,0.8,3,4,2.0,0.5
37,21/09/2019,Bayern Munich,FC Koln,4.0,0.0,H,5.0,2.4,0.8,0.8,1.4,1.6,0.6,0.5,0.5,WWD,LWL,DWWD,LLWL,1.0,18.0,7,3,8,3,1.6,-0.6,1.0,4,5,-17.0,0.0
38,21/09/2019,Freiburg,Augsburg,1.0,1.0,D,5.0,2.0,1.2,0.6,2.0,1.8,0.8,0.5,0.0,WLW,DLW,WWLW,LDLW,13.0,15.0,6,4,9,4,1.4,-0.8,1.0,2,5,-2.0,0.5
39,21/09/2019,Hertha,Paderborn,2.0,1.0,H,5.0,0.6,1.0,2.0,2.4,0.2,0.2,0.5,0.0,LLL,LDL,DLLL,LLDL,11.0,18.0,0,1,1,1,-1.4,-1.4,0.0,-1,0,-7.0,0.5
40,21/09/2019,Leverkusen,Union Berlin,2.0,0.0,H,5.0,1.2,1.0,1.4,1.6,1.4,0.8,0.5,0.0,WDL,DWL,WWDL,LDWL,4.0,18.0,4,4,7,4,-0.2,-0.6,0.6,0,3,-14.0,0.5
41,21/09/2019,Werder Bremen,RB Leipzig,0.0,3.0,A,5.0,1.6,2.0,1.8,0.6,1.2,2.0,0.5,1.0,LWW,WWD,LLWW,WWWD,8.0,3.0,6,7,6,10,-0.2,1.4,-0.8,-1,-4,5.0,-0.5
42,22/09/2019,M'gladbach,Fortuna Dusseldorf,2.0,1.0,H,5.0,1.0,1.2,0.8,1.4,1.4,0.8,0.0,0.5,WLW,LLD,DWLW,WLLD,5.0,10.0,6,1,7,4,0.2,-0.2,0.6,5,3,-5.0,-0.5
43,22/09/2019,Ein Frankfurt,Dortmund,2.0,2.0,D,5.0,1.0,2.6,1.0,1.0,1.2,1.8,1.0,0.5,LWL,WLW,WLWL,WWLW,7.0,2.0,3,6,6,9,0.0,1.6,-0.6,-3,-3,5.0,0.5
44,23/09/2019,Wolfsburg,Hoffenheim,1.0,1.0,D,5.0,1.4,0.6,0.6,1.2,1.6,0.8,0.5,0.0,WDD,WDL,WWDD,LWDL,6.0,9.0,5,4,8,4,0.8,-0.6,0.8,1,4,-3.0,0.5
45,27/09/2019,Union Berlin,Ein Frankfurt,1.0,2.0,A,6.0,0.8333333333333334,1.1666666666666667,1.6666666666666667,1.1666666666666667,0.6666666666666666,1.1666666666666667,0.5,0.0,WLL,WLD,LDWLL,WLWLD,18.0,7.0,3,4,4,7,-0.8333333333333334,0.0,-0.5,-1,-3,11.0,0.5
46,28/09/2019,Augsburg,Leverkusen,0.0,3.0,A,6.0,1.1666666666666667,1.3333333333333333,1.8333333333333333,1.1666666666666667,0.8333333333333334,1.6666666666666667,0.5,0.5,LWD,DLW,LDLWD,WWDLW,15.0,4.0,4,4,5,10,-0.6666666666666666,0.16666666666666666,-0.8333333333333334,0,-5,11.0,0.0
47,28/09/2019,Hoffenheim,M'gladbach,0.0,3.0,A,6.0,0.6666666666666666,1.1666666666666667,1.1666666666666667,0.8333333333333334,0.8333333333333334,1.6666666666666667,0.5,1.0,DLD,LWW,LWDLD,DWLWW,9.0,5.0,2,6,5,10,-0.5,0.3333333333333333,-0.8333333333333334,-4,-5,4.0,-0.5
48,28/09/2019,Mainz,Wolfsburg,0.0,1.0,A,6.0,0.8333333333333334,1.3333333333333333,2.5,0.6666666666666666,0.5,1.5,0.5,0.5,LWL,DDD,LLLWL,WWDDD,12.0,6.0,3,3,3,9,-1.6666666666666667,0.6666666666666666,-1.0,0,-6,6.0,0.0
49,28/09/2019,Paderborn,Bayern Munich,2.0,3.0,A,6.0,1.0,2.6666666666666665,2.3333333333333335,0.6666666666666666,0.16666666666666666,1.8333333333333333,0.0,0.5,DLL,WDW,LLDLL,DWWDW,18.0,1.0,1,7,1,11,-1.3333333333333333,2.0,-1.6666666666666667,-6,-10,17.0,-0.5
50,28/09/2019,RB Leipzig,Schalke 04,1.0,3.0,A,6.0,2.1666666666666665,1.6666666666666667,0.5,0.8333333333333334,2.1666666666666665,1.6666666666666667,0.5,0.5,WDW,WWW,WWWDW,DLWWW,3.0,14.0,7,9,13,10,1.6666666666666667,0.8333333333333334,0.5,-2,3,-11.0,0.0
51,28/09/2019,Dortmund,Werder Bremen,2.0,2.0,D,6.0,2.5,1.3333333333333333,1.1666666666666667,2.0,1.6666666666666667,1.0,1.0,0.5,LWD,WWL,WWLWD,LLWWL,2.0,8.0,4,6,10,6,1.3333333333333333,-0.6666666666666666,0.6666666666666666,-2,4,-6.0,0.5
52,29/09/2019,Fortuna Dusseldorf,Freiburg,1.0,2.0,A,6.0,1.1666666666666667,1.8333333333333333,1.5,0.6666666666666666,0.6666666666666666,1.6666666666666667,0.0,1.0,LDL,LWD,WLLDL,WWLWD,10.0,13.0,1,4,4,10,-0.3333333333333333,1.1666666666666667,-1.0,-3,-6,-3.0,-1.0
53,29/09/2019,FC Koln,Hertha,0.0,4.0,A,6.0,0.6666666666666666,0.8333333333333334,1.8333333333333333,1.8333333333333333,0.5,0.6666666666666666,0.0,0.0,WLL,LLW,LLWLL,DLLLW,18.0,11.0,3,3,3,4,-1.1666666666666667,-1.0,-0.16666666666666666,0,-1,7.0,0.0
54,04/10/2019,Hertha,Fortuna Dusseldorf,3.0,1.0,H,7.0,1.2857142857142858,1.1428571428571428,1.5714285714285714,1.5714285714285714,1.0,0.5714285714285714,0.6666666666666666,0.3333333333333333,LWW,DLL,LLLWW,LLDLL,11.0,10.0,6,1,6,1,-0.2857142857142857,-0.42857142857142855,0.42857142857142855,5,5,1.0,0.3333333333333333
55,05/10/2019,Bayern Munich,Hoffenheim,1.0,2.0,A,7.0,2.7142857142857144,0.5714285714285714,0.8571428571428571,1.4285714285714286,2.0,0.7142857142857143,0.6666666666666666,0.0,DWW,LDL,WWDWW,WDLDL,1.0,9.0,7,1,13,5,1.8571428571428572,-0.8571428571428571,1.2857142857142858,6,8,-8.0,0.6666666666666666
56,05/10/2019,Freiburg,Dortmund,2.0,2.0,D,7.0,1.8571428571428572,2.4285714285714284,0.7142857142857143,1.2857142857142858,1.8571428571428572,1.5714285714285714,0.3333333333333333,0.3333333333333333,WDW,WDD,WLWDW,WLWDD,13.0,2.0,7,5,10,8,1.1428571428571428,1.1428571428571428,0.2857142857142857,2,2,11.0,0.0
57,05/10/2019,Leverkusen,RB Leipzig,1.0,1.0,D,7.0,1.5714285714285714,2.0,1.0,0.8571428571428571,1.8571428571428572,1.8571428571428572,0.6666666666666666,1.0,LWW,DWL,WDLWW,WWDWL,4.0,3.0,6,4,10,10,0.5714285714285714,1.1428571428571428,0.0,2,0,1.0,-0.33333333333333337
58,05/10/2019,Paderborn,Mainz,1.0,2.0,A,7.0,1.1428571428571428,0.7142857142857143,2.4285714285714284,2.2857142857142856,0.14285714285714285,0.42857142857142855,0.0,0.0,LLL,WLL,LDLLL,LLWLL,18.0,12.0,0,3,1,3,-1.2857142857142858,-1.5714285714285714,-0.2857142857142857,-3,-2,6.0,0.0
59,05/10/2019,Schalke 04,FC Koln,1.0,1.0,D,7.0,1.8571428571428572,0.5714285714285714,0.8571428571428571,2.142857142857143,1.8571428571428572,0.42857142857142855,0.6666666666666666,0.3333333333333333,WWW,LLL,LWWWW,LWLLL,14.0,18.0,9,0,12,3,1.0,-1.5714285714285714,1.4285714285714286,9,9,-4.0,0.3333333333333333
60,06/10/2019,M'gladbach,Augsburg,5.0,1.0,H,7.0,1.4285714285714286,1.0,0.7142857142857143,2.0,1.8571428571428572,0.7142857142857143,0.3333333333333333,0.0,WWW,WDL,WLWWW,DLWDL,5.0,15.0,9,4,12,5,0.7142857142857143,-1.0,1.1428571428571428,5,7,-10.0,0.3333333333333333
61,06/10/2019,Wolfsburg,Union Berlin,1.0,0.0,H,7.0,1.2857142857142858,0.8571428571428571,0.5714285714285714,1.7142857142857142,1.7142857142857142,0.5714285714285714,0.3333333333333333,0.0,DDW,LLL,WDDDW,DWLLL,6.0,18.0,5,0,9,4,0.7142857142857143,-0.8571428571428571,1.1428571428571428,5,5,-12.0,0.3333333333333333
62,06/10/2019,Ein Frankfurt,Werder Bremen,2.0,2.0,D,7.0,1.2857142857142858,1.4285714285714286,1.1428571428571428,2.0,1.4285714285714286,1.0,0.6666666666666666,0.3333333333333333,LDW,WLD,LWLDW,LWWLD,7.0,8.0,4,4,7,7,0.14285714285714285,-0.5714285714285714,0.42857142857142855,0,0,-1.0,0.3333333333333333
63,18/10/2019,Ein Frankfurt,Leverkusen,3.0,0.0,H,8.0,1.375,1.5,1.25,1.0,1.375,1.75,0.6666666666666666,0.6666666666666666,DWD,WWD,WLDWD,DLWWD,7.0,4.0,5,7,8,8,0.125,0.5,-0.375,-2,0,3.0,0.0
64,19/10/2019,Augsburg,Bayern Munich,2.0,2.0,D,8.0,1.0,2.5,2.375,1.0,0.625,1.75,0.3333333333333333,0.6666666666666666,DLL,WWL,LWDLL,WDWWL,15.0,1.0,1,6,4,10,-1.375,1.5,-1.125,-5,-6,14.0,-0.3333333333333333
65,19/10/2019,Fortuna Dusseldorf,Mainz,1.0,0.0,H,8.0,1.125,0.875,1.75,2.125,0.5,0.75,0.0,0.0,LLL,LLW,LDLLL,LWLLW,10.0,12.0,0,3,1,6,-0.625,-1.25,-0.25,-3,-5,-2.0,0.0
66,19/10/2019,RB Leipzig,Wolfsburg,1.0,1.0,D,8.0,1.875,1.25,0.875,0.5,1.75,1.875,0.3333333333333333,0.6666666666666666,WLD,DWW,WDWLD,DDDWW,3.0,6.0,4,7,8,9,1.0,0.75,-0.125,-3,-1,-3.0,-0.3333333333333333
67,19/10/2019,Union Berlin,Freiburg,2.0,0.0,H,8.0,0.75,1.875,1.625,0.875,0.5,1.75,0.3333333333333333,1.0,LLL,DWD,WLLLL,LWDWD,18.0,13.0,0,5,3,8,-0.875,1.0,-1.25,-5,-5,5.0,-0.6666666666666667
68,19/10/2019,Werder Bremen,Hertha,1.0,1.0,D,8.0,1.5,1.5,2.0,1.5,1.0,1.25,0.3333333333333333,0.0,LDD,WWW,WWLDD,LLWWW,8.0,11.0,2,9,8,9,-0.5,0.0,-0.25,-7,-1,-3.0,0.3333333333333333
69,19/10/2019,Dortmund,M'gladbach,1.0,0.0,H,8.0,2.375,1.875,1.375,0.75,1.5,2.0,0.6666666666666666,1.0,DDD,WWW,LWDDD,LWWWW,2.0,5.0,3,9,6,12,1.0,1.125,-0.5,-6,-6,-3.0,-0.33333333333333337
70,20/10/2019,FC Koln,Paderborn,3.0,0.0,H,8.0,0.625,1.125,2.0,2.375,0.5,0.125,0.0,0.0,LLD,LLL,WLLLD,DLLLL,18.0,18.0,1,0,4,1,-1.375,-1.25,0.375,1,3,0.0,0.0
71,20/10/2019,Hoffenheim,Schalke 04,2.0,0.0,H,8.0,0.75,1.75,1.375,0.875,1.0,1.75,0.3333333333333333,0.6666666666666666,DLW,WWD,DLDLW,WWWWD,9.0,14.0,4,7,5,13,-0.625,0.875,-0.75,-3,-8,-5.0,-0.3333333333333333
72,25/10/2019,Mainz,FC Koln,3.0,1.0,H,9.0,0.7777777777777778,0.8888888888888888,2.0,1.7777777777777777,0.6666666666666666,0.7777777777777778,0.5,0.25,LWL,LDW,WLLWL,LLLDW,12.0,18.0,3,4,6,4,-1.2222222222222223,-0.8888888888888888,-0.1111111111111111,-1,2,-6.0,0.25
73,26/10/2019,Bayern Munich,Union Berlin,2.0,1.0,H,9.0,2.4444444444444446,0.8888888888888888,1.1111111111111112,1.4444444444444444,1.6666666666666667,0.7777777777777778,0.5,0.0,WLD,LLW,DWWLD,LLLLW,1.0,18.0,4,3,8,3,1.3333333333333333,-0.5555555555555556,0.8888888888888888,1,5,-17.0,0.5
74,26/10/2019,Freiburg,RB Leipzig,2.0,1.0,H,9.0,1.6666666666666667,1.7777777777777777,1.0,0.8888888888888888,1.5555555555555556,1.6666666666666667,0.25,0.75,WDL,LDD,WDWDL,DWLDD,13.0,3.0,4,2,8,6,0.6666666666666666,0.8888888888888888,-0.1111111111111111,2,2,10.0,-0.5
75,26/10/2019,Hertha,Hoffenheim,2.0,3.0,A,9.0,1.4444444444444444,0.8888888888888888,1.4444444444444444,1.2222222222222223,1.2222222222222223,1.2222222222222223,0.5,0.25,WWD,LWW,LWWWD,LDLWW,11.0,9.0,7,6,10,7,0.0,-0.3333333333333333,0.0,1,3,2.0,0.25
76,26/10/2019,Paderborn,Fortuna Dusseldorf,2.0,0.0,H,9.0,1.0,1.1111111111111112,2.4444444444444446,1.5555555555555556,0.1111111111111111,0.7777777777777778,0.0,0.25,LLL,LLW,LLLLL,DLLLW,18.0,10.0,0,3,0,4,-1.4444444444444444,-0.4444444444444444,-0.6666666666666666,-3,-4,8.0,-0.25
77,26/10/2019,Schalke 04,Dortmund,0.0,0.0,D,9.0,1.5555555555555556,2.2222222222222223,1.0,1.2222222222222223,1.5555555555555556,1.6666666666666667,0.5,0.25,WDL,DDW,WWWDL,WDDDW,14.0,2.0,4,5,10,9,0.5555555555555556,1.0,-0.1111111111111111,-1,1,12.0,0.25
78,26/10/2019,Leverkusen,Werder Bremen,2.0,2.0,D,9.0,1.3333333333333333,1.4444444444444444,1.2222222222222223,1.8888888888888888,1.5555555555555556,1.0,0.5,0.25,WDL,DDD,LWWDL,WLDDD,4.0,8.0,4,3,7,6,0.1111111111111111,-0.4444444444444444,0.5555555555555556,1,1,-4.0,0.25
79,27/10/2019,Wolfsburg,Augsburg,0.0,0.0,D,9.0,1.2222222222222223,1.1111111111111112,0.5555555555555556,2.3333333333333335,1.7777777777777777,0.6666666666666666,0.5,0.0,WWD,LLD,DDWWD,WDLLD,6.0,15.0,7,1,9,5,0.6666666666666666,-1.2222222222222223,1.1111111111111112,6,4,-9.0,0.5
80,27/10/2019,M'gladbach,Ein Frankfurt,4.0,2.0,H,9.0,1.6666666666666667,1.5555555555555556,0.7777777777777778,1.1111111111111112,1.7777777777777777,1.5555555555555556,0.5,0.25,WWL,WDW,WWWWL,LDWDW,5.0,7.0,6,7,12,8,0.8888888888888888,0.4444444444444444,0.2222222222222222,-1,4,-2.0,0.25
81,01/11/2019,Hoffenheim,Paderborn,3.0,0.0,H,10.0,1.1,1.1,1.3,2.2,1.4,0.4,0.5,0.0,WWW,LLW,DLWWW,LLLLW,9.0,18.0,9,3,10,3,-0.2,-1.1,1.0,6,7,-9.0,0.5
82,02/11/2019,Dortmund,Wolfsburg,3.0,0.0,H,10.0,2.0,1.1,1.1,0.5,1.6,1.7,0.75,0.5,DWD,WDD,DDDWD,DWWDD,2.0,6.0,5,5,7,9,0.9,0.6,-0.1,0,-2,-4.0,0.25
83,02/11/2019,Ein Frankfurt,Bayern Munich,5.0,1.0,H,10.0,1.6,2.4,1.4,1.1,1.4,1.8,0.5,0.5,DWL,LDW,DWDWL,WWLDW,7.0,1.0,4,4,8,10,0.2,1.3,-0.4,0,-2,6.0,0.0
84,02/11/2019,Leverkusen,M'gladbach,1.0,2.0,A,10.0,1.4,1.9,1.3,0.9,1.5,1.9,0.5,0.75,DLD,WLW,WWDLD,WWWLW,4.0,5.0,2,6,8,12,0.1,1.0,-0.4,-4,-4,-1.0,-0.25
85,02/11/2019,RB Leipzig,Mainz,8.0,0.0,H,10.0,1.7,1.0,1.0,1.9,1.5,0.9,0.25,0.25,DDL,WLW,WLDDL,LLWLW,3.0,12.0,2,6,5,6,0.7,-0.9,0.6,-4,-1,-9.0,0.0
86,02/11/2019,Werder Bremen,Freiburg,2.0,2.0,D,10.0,1.5,1.7,1.9,1.0,1.0,1.7,0.25,0.75,DDD,DLW,LDDDD,DWDLW,8.0,13.0,3,4,4,8,-0.4,0.7,-0.7,-1,-4,-5.0,-0.5
87,02/11/2019,Union Berlin,Hertha,1.0,0.0,H,10.0,0.9,1.5,1.5,1.6,0.7,1.1,0.25,0.25,LWL,WDL,LLLWL,WWWDL,18.0,11.0,3,4,3,10,-0.6,-0.1,-0.4,-1,-7,7.0,0.0
88,03/11/2019,Fortuna Dusseldorf,FC Koln,2.0,0.0,H,10.0,1.0,0.9,1.6,1.9,0.7,0.7,0.25,0.25,LWL,DWL,LLLWL,LLDWL,10.0,18.0,3,4,3,4,-0.6,-1.0,0.0,-1,-1,-8.0,0.0
89,03/11/2019,Augsburg,Schalke 04,2.0,3.0,A,10.0,1.0,1.4,2.1,0.9,0.7,1.5,0.25,0.5,LDD,DLD,DLLDD,WWDLD,15.0,14.0,2,2,3,8,-1.1,0.5,-0.8,0,-5,1.0,-0.25
90,08/11/2019,FC Koln,Hoffenheim,1.0,2.0,A,11.0,0.8181818181818182,1.2727272727272727,1.9090909090909092,1.1818181818181819,0.6363636363636364,1.5454545454545454,0.2,0.4,WLL,WWW,LDWLL,LWWWW,18.0,9.0,3,9,4,12,-1.0909090909090908,0.09090909090909091,-0.9090909090909091,-6,-8,9.0,-0.2
91,09/11/2019,Hertha,RB Leipzig,2.0,4.0,A,11.0,1.3636363636363635,2.272727272727273,1.5454545454545454,0.9090909090909091,1.0,1.6363636363636365,0.4,0.6,DLL,DLW,WWDLL,LDDLW,11.0,3.0,1,4,7,5,-0.18181818181818182,1.3636363636363635,-0.6363636363636364,-3,2,8.0,-0.19999999999999996
92,09/11/2019,Mainz,Union Berlin,2.0,3.0,A,11.0,0.9090909090909091,0.9090909090909091,2.4545454545454546,1.3636363636363635,0.8181818181818182,0.9090909090909091,0.4,0.2,LWL,WLW,LWLWL,LLWLW,12.0,18.0,3,6,6,6,-1.5454545454545454,-0.45454545454545453,-0.09090909090909091,-3,0,-6.0,0.2
93,09/11/2019,Paderborn,Augsburg,0.0,1.0,A,11.0,1.0,1.0909090909090908,2.272727272727273,2.1818181818181817,0.36363636363636365,0.6363636363636364,0.2,0.0,LWL,DDL,LLLWL,LLDDL,18.0,15.0,3,2,3,2,-1.2727272727272727,-1.0909090909090908,-0.2727272727272727,1,1,3.0,0.2
94,09/11/2019,Schalke 04,Fortuna Dusseldorf,3.0,3.0,D,11.0,1.5454545454545454,1.0909090909090908,1.0,1.4545454545454546,1.6363636363636365,0.9090909090909091,0.4,0.2,LDW,WLW,WDLDW,LLWLW,14.0,10.0,4,6,8,6,0.5454545454545454,-0.36363636363636365,0.7272727272727273,-2,2,4.0,0.2
95,09/11/2019,Bayern Munich,Dortmund,4.0,0.0,H,11.0,2.272727272727273,2.090909090909091,1.4545454545454546,1.0,1.6363636363636365,1.7272727272727273,0.6,0.2,DWL,WDW,WLDWL,DDWDW,1.0,2.0,4,7,7,9,0.8181818181818182,1.0909090909090908,-0.09090909090909091,-3,-2,-1.0,0.39999999999999997
96,10/11/2019,M'gladbach,Werder Bremen,3.0,1.0,H,11.0,1.9090909090909092,1.5454545454545454,0.9090909090909091,1.9090909090909092,2.0,1.0,0.6,0.2,LWW,DDD,WWLWW,DDDDD,5.0,8.0,6,3,12,5,1.0,-0.36363636363636365,1.0,3,7,-3.0,0.39999999999999997
97,10/11/2019,Wolfsburg,Leverkusen,0.0,2.0,A,11.0,1.0,1.3636363636363635,0.7272727272727273,1.3636363636363635,1.5454545454545454,1.3636363636363635,0.4,0.6,DDL,LDL,WWDDL,WDLDL,6.0,4.0,2,1,8,5,0.2727272727272727,0.0,0.18181818181818182,1,3,2.0,-0.19999999999999996
98,10/11/2019,Freiburg,Ein Frankfurt,1.0,0.0,H,11.0,1.7272727272727273,1.9090909090909092,1.0909090909090908,1.3636363636363635,1.6363636363636365,1.5454545454545454,0.4,0.2,LWD,WLW,WDLWD,WDWLW,13.0,7.0,4,6,8,10,0.6363636363636364,0.5454545454545454,0.09090909090909091,-2,-2,6.0,0.2
99,22/11/2019,Dortmund,Paderborn,3.0,3.0,D,12.0,1.9166666666666667,0.9166666666666666,1.25,2.1666666666666665,1.5833333333333333,0.3333333333333333,0.8,0.0,DWL,WLL,DWDWL,LLWLL,2.0,18.0,4,3,8,3,0.6666666666666666,-1.25,1.25,1,5,-16.0,0.8
100,23/11/2019,Ein Frankfurt,Wolfsburg,0.0,2.0,A,12.0,1.75,0.9166666666666666,1.3333333333333333,0.8333333333333334,1.4166666666666667,1.4166666666666667,0.6,0.4,LWL,DLL,DWLWL,WDDLL,7.0,6.0,3,1,7,5,0.4166666666666667,0.08333333333333333,0.0,2,2,1.0,0.19999999999999996
101,23/11/2019,Fortuna Dusseldorf,Bayern Munich,0.0,4.0,A,12.0,1.25,2.4166666666666665,1.5833333333333333,1.3333333333333333,0.9166666666666666,1.75,0.4,0.4,LWD,WLW,LWLWD,LDWLW,10.0,1.0,4,6,7,7,-0.3333333333333333,1.0833333333333333,-0.8333333333333334,-2,0,9.0,0.0
102,23/11/2019,Leverkusen,Freiburg,1.0,1.0,D,12.0,1.4166666666666667,1.6666666666666667,1.25,1.0,1.5,1.75,0.4,0.6,DLW,WDW,DLDLW,DLWDW,4.0,13.0,4,7,5,8,0.16666666666666666,0.6666666666666666,-0.25,-3,-3,-9.0,-0.19999999999999996
103,23/11/2019,Union Berlin,M'gladbach,2.0,0.0,H,12.0,1.0833333333333333,2.0,1.4166666666666667,0.9166666666666666,1.0833333333333333,2.0833333333333335,0.4,0.8,LWW,WWW,LWLWW,WLWWW,18.0,5.0,6,9,9,12,-0.3333333333333333,1.0833333333333333,-1.0,-3,-3,13.0,-0.4
104,23/11/2019,Werder Bremen,Schalke 04,1.0,2.0,A,12.0,1.5,1.6666666666666667,2.0,1.1666666666666667,0.9166666666666666,1.5833333333333333,0.2,0.6,DDL,DWD,DDDDL,DLDWD,8.0,14.0,2,5,4,6,-0.5,0.5,-0.6666666666666666,-3,-2,-6.0,-0.39999999999999997
105,23/11/2019,RB Leipzig,FC Koln,4.0,1.0,H,12.0,2.4166666666666665,0.8333333333333334,1.0,1.9166666666666667,1.75,0.5833333333333334,0.4,0.2,LWW,LLL,DDLWW,DWLLL,3.0,18.0,6,0,8,4,1.4166666666666667,-1.0833333333333333,1.1666666666666667,6,4,-15.0,0.2
106,24/11/2019,Augsburg,Hertha,4.0,0.0,H,12.0,1.0833333333333333,1.4166666666666667,2.0,1.75,0.8333333333333334,0.9166666666666666,0.2,0.2,DLW,LLL,LDDLW,WDLLL,15.0,11.0,4,0,5,4,-0.9166666666666666,-0.3333333333333333,-0.08333333333333333,4,1,4.0,0.0
107,24/11/2019,Hoffenheim,Mainz,1.0,5.0,A,12.0,1.3333333333333333,1.0,1.1666666666666667,2.5,1.6666666666666667,0.75,0.6,0.2,WWW,WLL,WWWWW,WLWLL,9.0,12.0,9,3,15,6,0.16666666666666666,-1.5,0.9166666666666666,6,9,-3.0,0.39999999999999997
108,29/11/2019,Schalke 04,Union Berlin,2.0,1.0,H,13.0,1.6923076923076923,1.1538461538461537,1.1538461538461537,1.3076923076923077,1.6923076923076923,1.2307692307692308,0.3333333333333333,0.16666666666666666,WDW,WWW,LDWDW,WLWWW,14.0,18.0,7,9,8,12,0.5384615384615384,-0.15384615384615385,0.46153846153846156,-2,-4,-4.0,0.16666666666666666
109,30/11/2019,FC Koln,Augsburg,1.0,1.0,D,13.0,0.8461538461538461,1.3076923076923077,2.076923076923077,1.8461538461538463,0.5384615384615384,1.0,0.16666666666666666,0.16666666666666666,LLL,LWW,WLLLL,DDLWW,18.0,15.0,0,6,3,8,-1.2307692307692308,-0.5384615384615384,-0.46153846153846156,-6,-5,3.0,0.0
110,30/11/2019,Hertha,Dortmund,1.0,2.0,A,13.0,1.3076923076923077,2.0,1.9230769230769231,1.3846153846153846,0.8461538461538461,1.5384615384615385,0.3333333333333333,0.16666666666666666,LLL,WLD,DLLLL,WDWLD,11.0,2.0,0,4,1,8,-0.6153846153846154,0.6153846153846154,-0.6923076923076923,-4,-7,9.0,0.16666666666666666
111,30/11/2019,Hoffenheim,Fortuna Dusseldorf,1.0,1.0,D,13.0,1.3076923076923077,1.1538461538461537,1.4615384615384615,1.7692307692307692,1.5384615384615385,0.8461538461538461,0.5,0.16666666666666666,WWL,WDL,WWWWL,WLWDL,9.0,10.0,6,4,12,7,-0.15384615384615385,-0.6153846153846154,0.6923076923076923,2,5,-1.0,0.33333333333333337
112,30/11/2019,Paderborn,RB Leipzig,2.0,3.0,A,13.0,1.0769230769230769,2.5384615384615383,2.230769230769231,1.0,0.38461538461538464,1.8461538461538463,0.16666666666666666,0.6666666666666666,LLD,WWW,LWLLD,DLWWW,18.0,3.0,1,9,4,10,-1.1538461538461537,1.5384615384615385,-1.4615384615384615,-8,-6,15.0,-0.5
113,30/11/2019,Bayern Munich,Leverkusen,1.0,2.0,A,13.0,2.5384615384615383,1.3846153846153846,1.2307692307692308,1.2307692307692308,1.8461538461538463,1.4615384615384615,0.6666666666666666,0.6666666666666666,LWW,LWD,DWLWW,LDLWD,1.0,4.0,6,4,10,5,1.3076923076923077,0.15384615384615385,0.38461538461538464,2,5,-3.0,0.0
114,01/12/2019,M'gladbach,Freiburg,4.0,2.0,H,13.0,1.8461538461538463,1.6153846153846154,1.0,1.0,1.9230769230769231,1.6923076923076923,0.6666666666666666,0.5,WWL,DWD,LWWWL,LWDWD,5.0,13.0,6,5,9,8,0.8461538461538461,0.6153846153846154,0.23076923076923078,1,1,-8.0,0.16666666666666663
115,01/12/2019,Wolfsburg,Werder Bremen,2.0,3.0,A,13.0,1.0,1.4615384615384615,0.7692307692307693,2.0,1.5384615384615385,0.8461538461538461,0.3333333333333333,0.16666666666666666,LLW,DLL,DDLLW,DDDLL,6.0,8.0,3,1,5,3,0.23076923076923078,-0.5384615384615384,0.6923076923076923,2,2,-2.0,0.16666666666666666
116,02/12/2019,Mainz,Ein Frankfurt,2.0,1.0,H,13.0,1.3076923076923077,1.6153846153846154,2.3846153846153846,1.3846153846153846,0.9230769230769231,1.3076923076923077,0.5,0.16666666666666666,LLW,WLL,LWLLW,WLWLL,12.0,7.0,3,3,6,6,-1.0769230769230769,0.23076923076923078,-0.38461538461538464,0,0,5.0,0.33333333333333337
117,06/12/2019,Ein Frankfurt,Hertha,2.0,2.0,D,14.0,1.5714285714285714,1.2857142857142858,1.4285714285714286,1.9285714285714286,1.2142857142857142,0.7857142857142857,0.6666666666666666,0.16666666666666666,LLL,LLL,LWLLL,LLLLL,7.0,11.0,0,0,3,0,0.14285714285714285,-0.6428571428571429,0.42857142857142855,0,3,-4.0,0.5
118,07/12/2019,Augsburg,Mainz,2.0,1.0,H,14.0,1.2857142857142858,1.3571428571428572,1.7857142857142858,2.2857142857142856,1.0,1.0714285714285714,0.3333333333333333,0.16666666666666666,WWD,LWW,DLWWD,WLLWW,15.0,12.0,7,6,8,9,-0.5,-0.9285714285714286,-0.07142857142857142,1,-1,3.0,0.16666666666666666
119,07/12/2019,Dortmund,Fortuna Dusseldorf,5.0,0.0,H,14.0,2.0,1.1428571428571428,1.3571428571428572,1.7142857142857142,1.6428571428571428,0.8571428571428571,0.6666666666666666,0.16666666666666666,LDW,DLD,DWLDW,LWDLD,2.0,10.0,4,2,8,5,0.6428571428571429,-0.5714285714285714,0.7857142857142857,2,3,-8.0,0.5
120,07/12/2019,Freiburg,Wolfsburg,1.0,0.0,H,14.0,1.6428571428571428,1.0714285714285714,1.2142857142857142,0.9285714285714286,1.5714285714285714,1.4285714285714286,0.5,0.5,WDL,LWL,WDWDL,DLLWL,13.0,6.0,4,3,8,4,0.42857142857142855,0.14285714285714285,0.14285714285714285,1,4,7.0,0.0
121,07/12/2019,M'gladbach,Bayern Munich,2.0,1.0,H,14.0,2.0,2.4285714285714284,1.0714285714285714,1.2857142857142858,2.0,1.7142857142857142,0.6666666666666666,0.5,WLW,WWL,WWWLW,WLWWL,5.0,1.0,6,6,12,9,0.9285714285714286,1.1428571428571428,0.2857142857142857,0,3,4.0,0.16666666666666663
122,07/12/2019,RB Leipzig,Hoffenheim,3.0,1.0,H,14.0,2.5714285714285716,1.2857142857142858,1.0714285714285714,1.4285714285714286,1.9285714285714286,1.5,0.5,0.5,WWW,WLD,LWWWW,WWWLD,3.0,9.0,9,4,12,10,1.5,-0.14285714285714285,0.42857142857142855,5,2,-6.0,0.0
123,07/12/2019,Leverkusen,Schalke 04,2.0,1.0,H,14.0,1.4285714285714286,1.7142857142857142,1.2142857142857142,1.1428571428571428,1.5714285714285714,1.7857142857142858,0.3333333333333333,0.6666666666666666,WDW,DWW,DLWDW,DWDWW,4.0,14.0,7,7,8,11,0.21428571428571427,0.5714285714285714,-0.21428571428571427,0,-3,-10.0,-0.3333333333333333
124,08/12/2019,Union Berlin,FC Koln,2.0,0.0,H,14.0,1.1428571428571428,0.8571428571428571,1.3571428571428572,2.0,1.1428571428571428,0.5714285714285714,0.5,0.16666666666666666,WWL,LLD,LWWWL,LLLLD,18.0,18.0,6,1,9,1,-0.21428571428571427,-1.1428571428571428,0.5714285714285714,5,8,0.0,0.33333333333333337
125,08/12/2019,Werder Bremen,Paderborn,0.0,1.0,A,14.0,1.5714285714285714,1.1428571428571428,2.0,2.2857142857142856,1.0,0.35714285714285715,0.16666666666666666,0.0,LLW,LDL,DDLLW,WLLDL,8.0,18.0,3,1,5,4,-0.42857142857142855,-1.1428571428571428,0.6428571428571429,2,1,-10.0,0.16666666666666666
126,13/12/2019,Hoffenheim,Augsburg,2.0,4.0,A,15.0,1.2666666666666666,1.3333333333333333,1.5333333333333334,1.7333333333333334,1.4,1.1333333333333333,0.42857142857142855,0.14285714285714285,LDL,WDW,WWLDL,LWWDW,9.0,15.0,1,7,7,10,-0.26666666666666666,-0.4,0.26666666666666666,-6,-3,-6.0,0.2857142857142857
127,14/12/2019,Bayern Munich,Werder Bremen,6.0,1.0,H,15.0,2.3333333333333335,1.4666666666666666,1.3333333333333333,1.9333333333333333,1.6,0.9333333333333333,0.5714285714285714,0.2857142857142857,WLL,LWL,LWWLL,DLLWL,1.0,8.0,3,3,6,4,1.0,-0.4666666666666667,0.6666666666666666,0,2,-7.0,0.2857142857142857
128,14/12/2019,FC Koln,Leverkusen,2.0,0.0,H,15.0,0.8,1.4666666666666666,2.0,1.2,0.5333333333333333,1.6666666666666667,0.2857142857142857,0.5714285714285714,LDL,DWW,LLLDL,LWDWW,18.0,4.0,1,7,1,10,-1.2,0.26666666666666666,-1.1333333333333333,-6,-9,14.0,-0.2857142857142857
129,14/12/2019,Hertha,Freiburg,1.0,0.0,H,15.0,1.3333333333333333,1.6,1.9333333333333333,1.1333333333333333,0.8,1.6666666666666667,0.42857142857142855,0.42857142857142855,LLD,DLW,LLLLD,DWDLW,11.0,13.0,1,4,1,8,-0.6,0.4666666666666667,-0.8666666666666667,-3,-7,-2.0,0.0
130,14/12/2019,Mainz,Dortmund,0.0,4.0,A,15.0,1.3333333333333333,2.2,2.2666666666666666,1.2666666666666666,1.0,1.7333333333333334,0.42857142857142855,0.2857142857142857,WWL,DWW,LLWWL,WLDWW,12.0,2.0,6,7,6,10,-0.9333333333333333,0.9333333333333333,-0.7333333333333333,-1,-4,10.0,0.14285714285714285
131,14/12/2019,Paderborn,Union Berlin,1.0,1.0,D,15.0,1.1333333333333333,1.2,2.1333333333333333,1.2666666666666666,0.5333333333333333,1.2666666666666666,0.14285714285714285,0.14285714285714285,DLW,WLW,LLDLW,WWWLW,18.0,18.0,4,6,4,12,-1.0,-0.06666666666666667,-0.7333333333333333,-2,-8,0.0,0.0
132,14/12/2019,Fortuna Dusseldorf,RB Leipzig,0.0,3.0,A,15.0,1.0666666666666667,2.6,1.9333333333333333,1.0666666666666667,0.8,2.0,0.2857142857142857,0.7142857142857143,LDL,WWW,WDLDL,WWWWW,10.0,3.0,1,9,5,15,-0.8666666666666667,1.5333333333333334,-1.2,-8,-10,7.0,-0.4285714285714286
133,15/12/2019,Wolfsburg,M'gladbach,2.0,1.0,H,15.0,1.0,2.0,0.9333333333333333,1.0666666666666667,1.3333333333333333,2.066666666666667,0.2857142857142857,0.5714285714285714,WLL,LWW,LLWLL,WWLWW,6.0,5.0,3,6,3,12,0.06666666666666667,0.9333333333333333,-0.7333333333333333,-3,-9,1.0,-0.2857142857142857
134,15/12/2019,Schalke 04,Ein Frankfurt,1.0,0.0,H,15.0,1.6666666666666667,1.6,1.2,1.4666666666666666,1.6666666666666667,1.2,0.42857142857142855,0.14285714285714285,WWL,LLD,WDWWL,WLLLD,14.0,7.0,6,1,10,4,0.4666666666666667,0.13333333333333333,0.4666666666666667,5,6,7.0,0.2857142857142857
135,17/12/2019,Werder Bremen,Mainz,0.0,5.0,A,16.0,1.4375,1.25,2.1875,2.375,0.875,0.9375,0.14285714285714285,0.2857142857142857,WLL,WLL,LLWLL,LWWLL,8.0,12.0,3,3,3,6,-0.75,-1.125,-0.0625,0,-3,-4.0,-0.14285714285714285
136,17/12/2019,Augsburg,Fortuna Dusseldorf,3.0,0.0,H,16.0,1.5,1.0,1.75,2.0,1.25,0.75,0.42857142857142855,0.14285714285714285,DWW,DLL,WWDWW,DLDLL,15.0,10.0,7,1,13,2,-0.25,-1.0,0.5,6,11,5.0,0.2857142857142857
137,17/12/2019,Dortmund,RB Leipzig,3.0,3.0,D,16.0,2.3125,2.625,1.1875,1.0,1.8125,2.0625,0.7142857142857143,0.7142857142857143,WWW,WWW,LDWWW,WWWWW,2.0,3.0,9,9,10,15,1.125,1.625,-0.25,0,-5,-1.0,0.0
138,17/12/2019,Union Berlin,Hoffenheim,0.0,2.0,A,16.0,1.1875,1.3125,1.25,1.6875,1.25,1.3125,0.5714285714285714,0.42857142857142855,LWD,DLL,WWLWD,WLDLL,18.0,9.0,4,1,10,4,-0.0625,-0.375,-0.0625,3,6,9.0,0.14285714285714285
139,18/12/2019,Leverkusen,Hertha,0.0,1.0,A,16.0,1.375,1.3125,1.25,1.8125,1.5625,0.9375,0.2857142857142857,0.14285714285714285,WWL,LDW,WDWWL,LLLDW,4.0,11.0,6,4,10,4,0.125,-0.5,0.625,2,6,-7.0,0.14285714285714285
140,18/12/2019,Ein Frankfurt,FC Koln,2.0,4.0,A,16.0,1.5,0.875,1.4375,1.875,1.125,0.6875,0.5714285714285714,0.14285714285714285,LDL,DLW,LLLDL,LLDLW,7.0,18.0,1,4,1,4,0.0625,-1.0,0.4375,-3,-3,-11.0,0.42857142857142855
141,18/12/2019,Freiburg,Bayern Munich,1.0,3.0,A,16.0,1.5,2.5625,1.125,1.3125,1.5625,1.6875,0.5714285714285714,0.42857142857142855,LWL,LLW,WDLWL,WWLLW,13.0,1.0,3,3,7,9,0.375,1.25,-0.125,0,-2,12.0,0.14285714285714285
142,18/12/2019,M'gladbach,Paderborn,2.0,0.0,H,16.0,1.9375,1.125,1.125,2.0625,1.9375,0.5625,0.7142857142857143,0.14285714285714285,WWL,LWD,WLWWL,LDLWD,5.0,18.0,6,4,9,5,0.8125,-0.9375,1.375,2,4,-13.0,0.5714285714285714
143,18/12/2019,Wolfsburg,Schalke 04,1.0,1.0,D,16.0,1.0625,1.625,0.9375,1.125,1.4375,1.75,0.2857142857142857,0.5714285714285714,LLW,WLW,LWLLW,DWWLW,6.0,14.0,3,6,6,10,0.125,0.5,-0.3125,-3,-4,-8.0,-0.2857142857142857
144,20/12/2019,Hoffenheim,Dortmund,2.0,1.0,H,17.0,1.3529411764705883,2.3529411764705883,1.588235294117647,1.2941176470588236,1.411764705882353,1.7647058823529411,0.375,0.375,LLW,WWD,LDLLW,DWWWD,9.0,2.0,3,7,4,11,-0.23529411764705882,1.0588235294117647,-0.35294117647058826,-4,-7,7.0,0.0
145,21/12/2019,Bayern Munich,Wolfsburg,2.0,0.0,H,17.0,2.588235294117647,1.0588235294117647,1.2941176470588236,0.9411764705882353,1.7647058823529411,1.411764705882353,0.625,0.375,LWW,LWD,WLLWW,WLLWD,1.0,6.0,6,4,9,7,1.2941176470588236,0.11764705882352941,0.35294117647058826,2,2,-5.0,0.25
146,21/12/2019,FC Koln,Werder Bremen,1.0,0.0,H,17.0,1.0588235294117647,1.3529411764705883,1.8823529411764706,2.3529411764705883,0.8235294117647058,0.8235294117647058,0.375,0.25,LWW,LLL,LDLWW,LWLLL,18.0,8.0,6,0,7,3,-0.8235294117647058,-1.0,0.0,6,4,10.0,0.125
147,21/12/2019,Mainz,Leverkusen,0.0,1.0,A,17.0,1.4705882352941178,1.2941176470588236,2.235294117647059,1.2352941176470589,1.0588235294117647,1.4705882352941178,0.375,0.625,LLW,WLL,WWLLW,DWWLL,12.0,4.0,3,3,9,7,-0.7647058823529411,0.058823529411764705,-0.4117647058823529,0,2,8.0,-0.25
148,21/12/2019,RB Leipzig,Augsburg,3.0,1.0,H,17.0,2.6470588235294117,1.588235294117647,1.1176470588235294,1.6470588235294117,2.0,1.3529411764705883,0.625,0.25,WWD,WWW,WWWWD,WDWWW,3.0,15.0,7,9,13,13,1.5294117647058822,-0.058823529411764705,0.6470588235294118,-2,0,-12.0,0.375
149,21/12/2019,Schalke 04,Freiburg,2.0,2.0,D,17.0,1.588235294117647,1.4705882352941178,1.1176470588235294,1.2352941176470589,1.7058823529411764,1.4705882352941178,0.5,0.375,LWD,WLL,WWLWD,DLWLL,14.0,13.0,4,3,10,4,0.47058823529411764,0.23529411764705882,0.23529411764705882,1,6,1.0,0.125
150,21/12/2019,Hertha,M'gladbach,0.0,0.0,D,17.0,1.2941176470588236,1.9411764705882353,1.7058823529411764,1.0588235294117647,1.0588235294117647,2.0,0.375,0.5,DWW,WLW,LLDWW,LWWLW,11.0,5.0,7,6,7,9,-0.4117647058823529,0.8823529411764706,-0.9411764705882353,1,-2,6.0,-0.125
151,22/12/2019,Fortuna Dusseldorf,Union Berlin,2.0,1.0,H,17.0,0.9411764705882353,1.1176470588235294,2.0588235294117645,1.2941176470588236,0.7058823529411765,1.1764705882352942,0.375,0.125,LLL,WDL,LDLLL,WLWDL,10.0,18.0,0,4,1,7,-1.1176470588235294,-0.17647058823529413,-0.47058823529411764,-4,-6,-8.0,0.25
152,22/12/2019,Paderborn,Ein Frankfurt,2.0,1.0,H,17.0,1.0588235294117647,1.5294117647058822,2.0588235294117645,1.588235294117647,0.5294117647058824,1.0588235294117647,0.125,0.125,WDL,DLL,DLWDL,LLDLL,18.0,7.0,4,1,5,1,-1.0,-0.058823529411764705,-0.5294117647058824,3,4,11.0,0.0
153,17/01/2020,Schalke 04,M'gladbach,2.0,0.0,H,18.0,1.6111111111111112,1.8333333333333333,1.1666666666666667,1.0,1.6666666666666667,1.9444444444444444,0.5,0.5,WDD,LWD,WLWDD,WWLWD,14.0,5.0,5,4,8,10,0.4444444444444444,0.8333333333333334,-0.2777777777777778,1,-2,9.0,0.0
154,18/01/2020,Augsburg,Dortmund,3.0,5.0,A,18.0,1.5555555555555556,2.2777777777777777,1.7222222222222223,1.3333333333333333,1.2777777777777777,1.6666666666666667,0.5,0.375,WWL,WDL,DWWWL,WWWDL,15.0,2.0,6,4,10,10,-0.16666666666666666,0.9444444444444444,-0.3888888888888889,2,0,13.0,0.125
155,18/01/2020,FC Koln,Wolfsburg,3.0,1.0,H,18.0,1.0555555555555556,1.0,1.7777777777777777,1.0,0.9444444444444444,1.3333333333333333,0.375,0.375,WWW,WDL,DLWWW,LLWDL,18.0,6.0,9,4,10,4,-0.7222222222222222,0.0,-0.3888888888888889,5,6,12.0,0.0
156,18/01/2020,Fortuna Dusseldorf,Werder Bremen,0.0,1.0,A,18.0,1.0,1.2777777777777777,2.0,2.2777777777777777,0.8333333333333334,0.7777777777777778,0.375,0.25,LLW,LLL,DLLLW,WLLLL,10.0,8.0,3,0,4,3,-1.0,-1.0,0.05555555555555555,3,1,2.0,0.125
157,18/01/2020,Hoffenheim,Ein Frankfurt,1.0,2.0,A,18.0,1.3888888888888888,1.5,1.5555555555555556,1.6111111111111112,1.5,1.0,0.375,0.125,LWW,LLL,DLLWW,LDLLL,9.0,7.0,6,0,7,1,-0.16666666666666666,-0.1111111111111111,0.5,6,6,2.0,0.25
158,18/01/2020,Mainz,Freiburg,1.0,2.0,A,18.0,1.3888888888888888,1.5,2.1666666666666665,1.2777777777777777,1.0,1.4444444444444444,0.375,0.375,LWL,LLD,WLLWL,LWLLD,12.0,13.0,3,1,6,4,-0.7777777777777778,0.2222222222222222,-0.4444444444444444,2,2,-1.0,0.0
159,18/01/2020,RB Leipzig,Union Berlin,3.0,1.0,H,18.0,2.6666666666666665,1.1111111111111112,1.1111111111111112,1.3333333333333333,2.0555555555555554,1.1111111111111112,0.625,0.125,WDW,DLL,WWWDW,LWDLL,3.0,18.0,7,1,13,4,1.5555555555555556,-0.2222222222222222,0.9444444444444444,6,9,-15.0,0.5
160,19/01/2020,Hertha,Bayern Munich,0.0,4.0,A,18.0,1.2222222222222223,2.5555555555555554,1.6111111111111112,1.2222222222222223,1.0555555555555556,1.8333333333333333,0.375,0.5,WWD,WWW,LDWWD,LLWWW,11.0,1.0,7,9,8,9,-0.3888888888888889,1.3333333333333333,-0.7777777777777778,-2,-1,10.0,-0.125
161,19/01/2020,Paderborn,Leverkusen,1.0,4.0,A,18.0,1.1111111111111112,1.2777777777777777,2.0,1.1666666666666667,0.6666666666666666,1.5555555555555556,0.125,0.625,DLW,LLW,LWDLW,WWLLW,18.0,4.0,4,3,7,9,-0.8888888888888888,0.1111111111111111,-0.8888888888888888,1,-2,14.0,-0.5
162,24/01/2020,Dortmund,FC Koln,5.0,1.0,H,19.0,2.4210526315789473,1.1578947368421053,1.4210526315789473,1.736842105263158,1.736842105263158,1.0526315789473684,0.6666666666666666,0.2222222222222222,DLW,WWW,WWDLW,LWWWW,2.0,18.0,4,9,10,12,1.0,-0.5789473684210527,0.6842105263157895,-5,-2,-16.0,0.4444444444444444
163,25/01/2020,Ein Frankfurt,RB Leipzig,2.0,0.0,H,19.0,1.5263157894736843,2.6842105263157894,1.5789473684210527,1.105263157894737,1.105263157894737,2.1052631578947367,0.4444444444444444,0.6666666666666666,LLW,DWW,DLLLW,WWDWW,7.0,3.0,3,7,4,13,-0.05263157894736842,1.5789473684210527,-1.0,-4,-9,4.0,-0.2222222222222222
164,25/01/2020,Freiburg,Paderborn,0.0,2.0,A,19.0,1.5263157894736843,1.105263157894737,1.263157894736842,2.1052631578947367,1.5263157894736843,0.631578947368421,0.4444444444444444,0.2222222222222222,LDW,LWL,WLLDW,WDLWL,13.0,18.0,4,3,7,7,0.2631578947368421,-1.0,0.8947368421052632,1,0,-5.0,0.2222222222222222
165,25/01/2020,M'gladbach,Mainz,3.0,1.0,H,19.0,1.736842105263158,1.368421052631579,1.0526315789473684,2.1578947368421053,1.8421052631578947,0.9473684210526315,0.7777777777777778,0.3333333333333333,WDL,WLL,WLWDL,LLWLL,5.0,12.0,4,3,7,3,0.6842105263157895,-0.7894736842105263,0.8947368421052632,1,4,-7.0,0.4444444444444445
166,25/01/2020,Union Berlin,Augsburg,2.0,0.0,H,19.0,1.105263157894737,1.631578947368421,1.4210526315789473,1.894736842105263,1.0526315789473684,1.2105263157894737,0.5555555555555556,0.2222222222222222,LLL,WLL,WDLLL,WWWLL,18.0,15.0,0,3,4,9,-0.3157894736842105,-0.2631578947368421,-0.15789473684210525,-3,-5,3.0,0.33333333333333337
167,25/01/2020,Wolfsburg,Hertha,1.0,2.0,A,19.0,1.0,1.1578947368421053,1.105263157894737,1.736842105263158,1.263157894736842,1.0,0.3333333333333333,0.2222222222222222,DLL,WDL,LWDLL,DWWDL,6.0,11.0,1,4,4,8,-0.10526315789473684,-0.5789473684210527,0.2631578947368421,-3,-4,-5.0,0.1111111111111111
168,25/01/2020,Bayern Munich,Schalke 04,5.0,0.0,H,19.0,2.6315789473684212,1.631578947368421,1.1578947368421053,1.105263157894737,1.894736842105263,1.736842105263158,0.6666666666666666,0.4444444444444444,WWW,DDW,LWWWW,LWDDW,1.0,14.0,9,5,12,8,1.4736842105263157,0.5263157894736842,0.15789473684210525,4,4,-13.0,0.2222222222222222
169,26/01/2020,Werder Bremen,Hoffenheim,0.0,3.0,A,19.0,1.263157894736842,1.368421052631579,2.1578947368421053,1.5789473684210527,0.8947368421052632,1.4210526315789473,0.1111111111111111,0.5555555555555556,LLW,WWL,LLLLW,LLWWL,8.0,9.0,3,6,3,6,-0.8947368421052632,-0.21052631578947367,-0.5263157894736842,-3,-3,-1.0,-0.4444444444444445
170,26/01/2020,Leverkusen,Fortuna Dusseldorf,3.0,0.0,H,19.0,1.4210526315789473,0.9473684210526315,1.1578947368421053,1.9473684210526316,1.631578947368421,0.7894736842105263,0.3333333333333333,0.1111111111111111,LWW,LWL,WLLWW,LLLWL,4.0,10.0,6,3,9,3,0.2631578947368421,-1.0,0.8421052631578947,3,6,-6.0,0.2222222222222222
171,31/01/2020,Hertha,Schalke 04,0.0,0.0,D,20.0,1.2,1.55,1.7,1.3,1.1,1.65,0.3333333333333333,0.4444444444444444,DLW,DWL,WWDLW,WDDWL,11.0,14.0,4,4,10,8,-0.5,0.25,-0.55,0,2,-3.0,-0.1111111111111111
172,01/02/2020,Augsburg,Werder Bremen,2.0,1.0,H,20.0,1.55,1.2,1.9,2.2,1.15,0.85,0.4444444444444444,0.2222222222222222,LLL,LWL,WWLLL,LLLWL,15.0,8.0,0,3,6,3,-0.35,-1.0,0.3,-3,3,7.0,0.2222222222222222
173,01/02/2020,Dortmund,Union Berlin,5.0,0.0,H,20.0,2.55,1.15,1.4,1.35,1.8,1.15,0.6666666666666666,0.1111111111111111,LWW,LLW,WDLWW,DLLLW,2.0,18.0,6,3,10,4,1.15,-0.2,0.65,3,6,-16.0,0.5555555555555556
174,01/02/2020,Fortuna Dusseldorf,Ein Frankfurt,1.0,1.0,D,20.0,0.9,1.55,2.0,1.5,0.75,1.2,0.3333333333333333,0.2222222222222222,WLL,LWW,LLWLL,LLLWW,10.0,7.0,3,6,3,6,-1.1,0.05,-0.45,-3,-3,3.0,0.1111111111111111
175,01/02/2020,Hoffenheim,Leverkusen,2.0,1.0,H,20.0,1.45,1.5,1.5,1.1,1.5,1.7,0.4444444444444444,0.6666666666666666,WLW,WWW,LWWLW,LLWWW,9.0,4.0,6,9,9,9,-0.05,0.4,-0.2,-3,0,5.0,-0.2222222222222222
176,01/02/2020,Mainz,Bayern Munich,1.0,3.0,A,20.0,1.35,2.75,2.2,1.1,0.9,1.95,0.3333333333333333,0.5555555555555556,LLL,WWW,LWLLL,WWWWW,12.0,1.0,0,9,3,15,-0.85,1.65,-1.05,-9,-12,11.0,-0.22222222222222227
177,01/02/2020,RB Leipzig,M'gladbach,2.0,2.0,D,20.0,2.55,1.8,1.15,1.05,2.0,1.9,0.6666666666666666,0.4444444444444444,WWL,DLW,WDWWL,LWDLW,3.0,5.0,6,4,10,7,1.4,0.75,0.1,2,3,-2.0,0.2222222222222222
178,02/02/2020,FC Koln,Freiburg,4.0,0.0,H,20.0,1.15,1.45,1.9,1.3,1.0,1.45,0.4444444444444444,0.3333333333333333,WWL,DWL,WWWWL,LLDWL,18.0,13.0,6,4,12,4,-0.75,0.15,-0.45,2,8,5.0,0.1111111111111111
179,02/02/2020,Paderborn,Wolfsburg,2.0,4.0,A,20.0,1.15,1.0,2.0,1.15,0.75,1.2,0.2222222222222222,0.3333333333333333,WLW,LLL,DLWLW,WDLLL,18.0,6.0,6,0,7,4,-0.85,-0.15,-0.45,6,3,12.0,-0.1111111111111111
180,07/02/2020,Ein Frankfurt,Augsburg,5.0,0.0,H,21.0,1.5238095238095237,1.5714285714285714,1.4761904761904763,1.8571428571428572,1.1904761904761905,1.2380952380952381,0.5,0.2,WWD,LLW,LLWWD,WLLLW,7.0,15.0,7,3,7,6,0.047619047619047616,-0.2857142857142857,-0.047619047619047616,4,1,-8.0,0.3
181,08/02/2020,Freiburg,Hoffenheim,1.0,0.0,H,21.0,1.380952380952381,1.4761904761904763,1.4285714285714286,1.4761904761904763,1.380952380952381,1.5714285714285714,0.5,0.5,WLL,LWW,LDWLL,WWLWW,13.0,9.0,3,6,4,12,-0.047619047619047616,0.0,-0.19047619047619047,-3,-8,4.0,0.0
182,08/02/2020,Hertha,Mainz,1.0,3.0,A,21.0,1.1428571428571428,1.3333333333333333,1.619047619047619,2.238095238095238,1.0952380952380953,0.8571428571428571,0.3,0.3,LWD,LLL,WDLWD,WLLLL,11.0,12.0,4,0,8,3,-0.47619047619047616,-0.9047619047619048,0.23809523809523808,4,5,-1.0,0.0
183,08/02/2020,Schalke 04,Paderborn,1.0,1.0,D,21.0,1.4761904761904763,1.1904761904761905,1.2380952380952381,2.0952380952380953,1.619047619047619,0.7142857142857143,0.5,0.2,WLD,LWL,DDWLD,LWLWL,14.0,18.0,4,3,6,6,0.23809523809523808,-0.9047619047619048,0.9047619047619048,1,0,-4.0,0.3
184,08/02/2020,Werder Bremen,Union Berlin,0.0,2.0,A,21.0,1.1904761904761905,1.0952380952380953,2.1904761904761907,1.5238095238095237,0.8095238095238095,1.0952380952380953,0.1,0.1,WLL,LWL,LLWLL,LLLWL,8.0,18.0,3,3,3,3,-1.0,-0.42857142857142855,-0.2857142857142857,0,0,-10.0,0.0
185,08/02/2020,Wolfsburg,Fortuna Dusseldorf,1.0,1.0,D,21.0,1.1428571428571428,0.9047619047619048,1.1904761904761905,1.9523809523809523,1.2857142857142858,0.7619047619047619,0.3,0.1,LLW,LLD,DLLLW,LWLLD,6.0,10.0,3,1,4,4,-0.047619047619047616,-1.0476190476190477,0.5238095238095238,2,0,-4.0,0.19999999999999998
186,08/02/2020,Leverkusen,Dortmund,4.0,3.0,H,21.0,1.4761904761904763,2.6666666666666665,1.1428571428571428,1.3333333333333333,1.619047619047619,1.8571428571428572,0.4,0.4,WWL,WWW,LWWWL,DLWWW,4.0,2.0,6,9,9,10,0.3333333333333333,1.3333333333333333,-0.23809523809523808,-3,-1,2.0,0.0
187,09/02/2020,Bayern Munich,RB Leipzig,0.0,0.0,D,21.0,2.761904761904762,2.5238095238095237,1.0952380952380953,1.1904761904761905,2.0,1.9523809523809523,0.7,0.6,WWW,WLD,WWWWW,DWWLD,1.0,3.0,9,4,15,8,1.6666666666666667,1.3333333333333333,0.047619047619047616,5,7,-2.0,0.09999999999999998
188,14/02/2020,Dortmund,Ein Frankfurt,4.0,0.0,H,21.0,2.6666666666666665,1.5238095238095237,1.3333333333333333,1.4761904761904763,1.8571428571428572,1.1904761904761905,0.7,0.2,WWW,WWD,DLWWW,LLWWD,2.0,7.0,9,7,10,7,1.3333333333333333,0.047619047619047616,0.6666666666666666,2,3,-5.0,0.49999999999999994
189,15/02/2020,Augsburg,Freiburg,1.0,1.0,D,22.0,1.5,1.3636363636363635,2.0,1.3636363636363635,1.1818181818181819,1.4545454545454546,0.5,0.4,LWL,LLW,LLLWL,DWLLW,15.0,13.0,3,3,3,7,-0.5,0.0,-0.2727272727272727,0,-4,2.0,0.09999999999999998
190,15/02/2020,Hoffenheim,Wolfsburg,2.0,3.0,A,22.0,1.4090909090909092,1.1363636363636365,1.4545454545454546,1.1818181818181819,1.5,1.2727272727272727,0.4,0.4,WWL,LWD,WLWWL,LLLWD,9.0,6.0,6,4,9,4,-0.045454545454545456,-0.045454545454545456,0.22727272727272727,2,5,3.0,0.0
191,15/02/2020,Paderborn,Hertha,1.0,2.0,A,22.0,1.1818181818181819,1.1363636363636365,2.0454545454545454,1.6818181818181819,0.7272727272727273,1.0454545454545454,0.2,0.3,WLD,WDL,WLWLD,DLWDL,18.0,11.0,4,4,7,5,-0.8636363636363636,-0.5454545454545454,-0.3181818181818182,0,2,7.0,-0.09999999999999998
192,15/02/2020,RB Leipzig,Werder Bremen,3.0,0.0,H,22.0,2.409090909090909,1.1363636363636365,1.1363636363636365,2.1818181818181817,1.9090909090909092,0.7727272727272727,0.6,0.3,LDD,LLL,WWLDD,LWLLL,3.0,8.0,2,0,8,3,1.2727272727272727,-1.0454545454545454,1.1363636363636365,2,5,-5.0,0.3
193,15/02/2020,Union Berlin,Leverkusen,2.0,3.0,A,22.0,1.1363636363636365,1.5909090909090908,1.4545454545454546,1.2272727272727273,1.1818181818181819,1.6818181818181819,0.6,0.6,WLW,WLW,LLWLW,WWWLW,18.0,4.0,6,6,6,12,-0.3181818181818182,0.36363636363636365,-0.5,0,-6,14.0,0.0
194,15/02/2020,Fortuna Dusseldorf,M'gladbach,1.0,4.0,A,22.0,0.9090909090909091,1.9090909090909092,1.9090909090909092,1.0909090909090908,0.7727272727272727,1.9090909090909092,0.3,0.4,LDD,WDW,WLLDD,DLWDW,10.0,5.0,2,7,5,8,-1.0,0.8181818181818182,-1.1363636363636365,-5,-3,5.0,-0.10000000000000003
195,16/02/2020,FC Koln,Bayern Munich,1.0,4.0,A,22.0,1.2727272727272727,2.6363636363636362,1.9090909090909092,1.0454545454545454,1.0454545454545454,1.9545454545454546,0.5,0.6,LWL,WWD,WWLWL,WWWWD,18.0,1.0,3,7,9,13,-0.6363636363636364,1.5909090909090908,-0.9090909090909091,-4,-4,17.0,-0.09999999999999998
196,16/02/2020,Mainz,Schalke 04,0.0,0.0,D,22.0,1.4090909090909092,1.4545454545454546,2.1818181818181817,1.2272727272727273,0.9545454545454546,1.5909090909090908,0.3,0.4,LLW,LDD,LLLLW,DWLDD,12.0,14.0,3,2,3,6,-0.7727272727272727,0.22727272727272727,-0.6363636363636364,1,-3,-2.0,-0.10000000000000003
197,21/02/2020,Bayern Munich,Paderborn,3.0,2.0,H,22.0,2.6363636363636362,1.1818181818181819,1.0454545454545454,2.0454545454545454,1.9545454545454546,0.7272727272727273,0.7,0.2,WWD,WLD,WWWWD,WLWLD,1.0,18.0,7,4,13,7,1.5909090909090908,-0.8636363636363636,1.2272727272727273,3,6,-17.0,0.49999999999999994
198,22/02/2020,Freiburg,Fortuna Dusseldorf,0.0,2.0,A,23.0,1.3478260869565217,0.9130434782608695,1.3478260869565217,2.0,1.434782608695652,0.7391304347826086,0.45454545454545453,0.09090909090909091,LWD,DDL,WLLWD,LLDDL,13.0,10.0,4,2,7,2,0.0,-1.0869565217391304,0.6956521739130435,2,5,3.0,0.36363636363636365
199,22/02/2020,Hertha,FC Koln,0.0,5.0,A,23.0,1.173913043478261,1.434782608695652,1.6521739130434783,1.826086956521739,1.1304347826086956,1.1304347826086956,0.2727272727272727,0.2727272727272727,DLW,WLW,LWDLW,WLWLW,11.0,18.0,4,6,7,9,-0.4782608695652174,-0.391304347826087,0.0,-2,-2,-7.0,0.0
200,22/02/2020,M'gladbach,Hoffenheim,1.0,1.0,D,23.0,1.8695652173913044,1.434782608695652,1.0869565217391304,1.5217391304347827,1.8695652173913044,1.434782608695652,0.7272727272727273,0.45454545454545453,DWD,WLL,LWDWD,LWWLL,5.0,9.0,5,3,8,6,0.782608695652174,-0.08695652173913043,0.43478260869565216,2,2,-4.0,0.27272727272727276
201,22/02/2020,Werder Bremen,Dortmund,0.0,2.0,A,23.0,1.0869565217391304,2.739130434782609,2.217391304347826,1.391304347826087,0.7391304347826086,1.826086956521739,0.09090909090909091,0.36363636363636365,LLL,WLW,WLLLL,WWWLW,8.0,2.0,0,6,3,12,-1.1304347826086956,1.3478260869565217,-1.0869565217391304,-6,-9,6.0,-0.2727272727272727
202,22/02/2020,Schalke 04,RB Leipzig,0.0,5.0,A,23.0,1.391304347826087,2.4347826086956523,1.173913043478261,1.0869565217391304,1.565217391304348,1.9565217391304348,0.45454545454545453,0.5454545454545454,DDD,DDW,WLDDD,WLDDW,14.0,3.0,3,5,6,8,0.21739130434782608,1.3478260869565217,-0.391304347826087,-2,-2,11.0,-0.09090909090909088
203,23/02/2020,Leverkusen,Augsburg,2.0,0.0,H,23.0,1.6521739130434783,1.4782608695652173,1.2608695652173914,1.9565217391304348,1.7391304347826086,1.173913043478261,0.45454545454545453,0.18181818181818182,LWW,WLD,WWLWW,LLWLD,4.0,15.0,6,4,12,4,0.391304347826087,-0.4782608695652174,0.5652173913043478,2,8,-11.0,0.2727272727272727
204,23/02/2020,Wolfsburg,Mainz,4.0,0.0,H,23.0,1.2173913043478262,1.3478260869565217,1.2173913043478262,2.0869565217391304,1.3478260869565217,0.9565217391304348,0.2727272727272727,0.36363636363636365,WDW,LWD,LLWDW,LLLWD,6.0,12.0,7,4,7,4,0.0,-0.7391304347826086,0.391304347826087,3,3,-6.0,-0.09090909090909094
205,24/02/2020,Ein Frankfurt,Union Berlin,1.0,2.0,A,23.0,1.608695652173913,1.173913043478261,1.5217391304347827,1.5217391304347827,1.2173913043478262,1.1304347826086956,0.5454545454545454,0.18181818181818182,DWL,LWL,WWDWL,LWLWL,7.0,18.0,4,3,10,6,0.08695652173913043,-0.34782608695652173,0.08695652173913043,1,4,-11.0,0.3636363636363636
206,28/02/2020,Fortuna Dusseldorf,Hertha,3.0,3.0,D,23.0,0.9130434782608695,1.173913043478261,2.0,1.6521739130434783,0.7391304347826086,1.1304347826086956,0.2727272727272727,0.36363636363636365,DDL,DLW,LLDDL,LWDLW,10.0,11.0,2,4,2,7,-1.0869565217391304,-0.4782608695652174,-0.391304347826087,-2,-5,-1.0,-0.09090909090909094
207,29/02/2020,Augsburg,M'gladbach,2.0,3.0,A,24.0,1.4166666666666667,1.9166666666666667,1.9583333333333333,1.125,1.125,1.9166666666666667,0.45454545454545453,0.45454545454545453,LDL,WDW,LWLDL,WDWDW,15.0,5.0,1,7,4,11,-0.5416666666666666,0.7916666666666666,-0.7916666666666666,-6,-7,10.0,0.0
208,29/02/2020,Dortmund,Freiburg,1.0,0.0,H,24.0,2.7083333333333335,1.2916666666666667,1.3333333333333333,1.375,1.875,1.375,0.7272727272727273,0.36363636363636365,LWW,WDL,WWLWW,LLWDL,2.0,13.0,6,4,12,4,1.375,-0.08333333333333333,0.5,2,8,-11.0,0.36363636363636365
209,29/02/2020,Hoffenheim,Bayern Munich,0.0,6.0,A,24.0,1.4166666666666667,2.7083333333333335,1.5,1.0833333333333333,1.4166666666666667,2.0416666666666665,0.45454545454545453,0.6363636363636364,LLD,DWW,WWLLD,WWDWW,9.0,1.0,1,7,7,13,-0.08333333333333333,1.625,-0.625,-6,-6,8.0,-0.18181818181818182
210,29/02/2020,Mainz,Paderborn,2.0,0.0,H,24.0,1.2916666666666667,1.2083333333333333,2.1666666666666665,2.0833333333333335,0.9166666666666666,0.6666666666666666,0.2727272727272727,0.18181818181818182,WDL,DLL,LLWDL,WLDLL,12.0,18.0,4,1,4,4,-0.875,-0.875,0.25,3,0,-6.0,0.09090909090909088
211,29/02/2020,FC Koln,Schalke 04,3.0,0.0,H,24.0,1.5,1.3333333333333333,1.75,1.3333333333333333,1.2083333333333333,1.5,0.45454545454545453,0.36363636363636365,LWW,DDL,LWLWW,LDDDL,18.0,14.0,6,2,9,3,-0.25,0.0,-0.2916666666666667,4,6,4.0,0.09090909090909088
212,01/03/2020,Union Berlin,Wolfsburg,2.0,2.0,D,24.0,1.2083333333333333,1.3333333333333333,1.5,1.1666666666666667,1.2083333333333333,1.4166666666666667,0.5454545454545454,0.45454545454545453,WLW,DWW,WLWLW,LWDWW,18.0,6.0,6,7,9,10,-0.2916666666666667,0.16666666666666666,-0.20833333333333334,-1,-1,12.0,0.09090909090909088
213,01/03/2020,RB Leipzig,Leverkusen,1.0,1.0,D,24.0,2.5416666666666665,1.6666666666666667,1.0416666666666667,1.2083333333333333,2.0,1.7916666666666667,0.6363636363636364,0.6363636363636364,DWW,WWW,LDDWW,WLWWW,3.0,4.0,7,9,8,12,1.5,0.4583333333333333,0.20833333333333334,-2,-4,-1.0,0.0
214,06/03/2020,Paderborn,FC Koln,1.0,2.0,A,24.0,1.2083333333333333,1.5,2.0833333333333335,1.75,0.6666666666666666,1.2083333333333333,0.18181818181818182,0.2727272727272727,DLL,LWW,WLDLL,LWLWW,18.0,18.0,1,6,4,9,-0.875,-0.25,-0.5416666666666666,-5,-5,0.0,-0.09090909090909088
215,07/03/2020,Freiburg,Union Berlin,3.0,1.0,H,24.0,1.2916666666666667,1.2083333333333333,1.375,1.5,1.375,1.2083333333333333,0.45454545454545453,0.18181818181818182,WDL,WLW,LLWDL,WLWLW,13.0,18.0,4,6,4,9,-0.08333333333333333,-0.2916666666666667,0.16666666666666666,-2,-5,-5.0,0.2727272727272727
216,07/03/2020,Hertha,Werder Bremen,2.0,2.0,D,25.0,1.2,1.08,1.84,2.2,1.08,0.72,0.25,0.25,WLD,LLD,DLWLD,LLLLD,11.0,8.0,4,1,5,1,-0.64,-1.12,0.36,3,4,3.0,0.0
217,07/03/2020,Leverkusen,Ein Frankfurt,4.0,0.0,H,25.0,1.64,1.52,1.2,1.64,1.76,1.12,0.5,0.16666666666666666,WWD,LLL,LWWWD,DWLLL,4.0,7.0,7,0,10,4,0.44,-0.12,0.64,7,6,-3.0,0.33333333333333337
218,07/03/2020,Schalke 04,Hoffenheim,1.0,1.0,D,25.0,1.28,1.36,1.4,1.68,1.44,1.36,0.4166666666666667,0.4166666666666667,DLL,LDL,DDDLL,WLLDL,14.0,9.0,1,1,3,4,-0.12,-0.32,0.08,0,-1,5.0,0.0
219,07/03/2020,Wolfsburg,RB Leipzig,0.0,0.0,D,25.0,1.36,2.48,1.2,1.04,1.4,1.96,0.3333333333333333,0.5833333333333334,WWD,WWD,WDWWD,DDWWD,6.0,3.0,7,7,11,9,0.16,1.44,-0.56,0,2,3.0,-0.25000000000000006
220,07/03/2020,M'gladbach,Dortmund,1.0,2.0,A,25.0,1.88,2.64,1.16,1.28,1.84,1.92,0.6666666666666666,0.4166666666666667,DWL,WWW,DWDWL,WLWWW,5.0,2.0,4,9,8,12,0.72,1.36,-0.08,-5,-4,3.0,0.24999999999999994
221,08/03/2020,Bayern Munich,Augsburg,2.0,0.0,H,25.0,2.84,1.44,1.04,2.0,2.08,1.08,0.6666666666666666,0.16666666666666666,WWW,DLL,WDWWW,WLDLL,1.0,15.0,9,1,13,4,1.8,-0.56,1.0,8,9,-14.0,0.5
222,08/03/2020,Mainz,Fortuna Dusseldorf,1.0,1.0,D,25.0,1.32,1.04,2.08,1.96,1.0,0.84,0.3333333333333333,0.16666666666666666,DLW,LWD,LWDLW,DDLWD,12.0,10.0,4,4,7,6,-0.76,-0.92,0.16,0,1,2.0,0.16666666666666666
223,11/03/2020,M'gladbach,FC Koln,2.0,1.0,H,25.0,1.88,1.52,1.16,1.72,1.84,1.28,0.6666666666666666,0.3333333333333333,DWL,WWW,DWDWL,WLWWW,5.0,18.0,4,9,8,12,0.72,-0.2,0.56,-5,-4,-13.0,0.3333333333333333
